{"cameraMode":{"drawMode":0,"name":"Shaded","section":"Shading Mode"},"sceneLighting":false,"audioPlay":false,"sceneViewState":{"m_AlwaysRefresh":false,"showFog":true,"showSkybox":false,"showFlares":true,"showImageEffects":true,"showParticleSystems":true,"showVisualEffectGraphs":true,"m_FxEnabled":true},"in2DMode":false,"pivot":{"x":0.9807122349739075,"y":-1.1260476112365723,"z":0.5705456137657166},"rotation":{"x":0.27817070484161379,"y":0.6092479228973389,"z":-0.24128635227680207,"w":0.7023546695709229},"size":0.8660253882408142,"orthographic":false}