{"cameraMode":{"drawMode":0,"name":"Shaded","section":"Shading Mode"},"sceneLighting":false,"audioPlay":false,"sceneViewState":{"m_AlwaysRefresh":false,"showFog":true,"showSkybox":false,"showFlares":true,"showImageEffects":true,"showParticleSystems":true,"showVisualEffectGraphs":true,"m_FxEnabled":true},"in2DMode":false,"pivot":{"x":-0.16919423639774323,"y":-0.11105198413133621,"z":0.5929703116416931},"rotation":{"x":0.003288717707619071,"y":-0.9811019897460938,"z":0.19285419583320619,"w":0.01668347790837288},"size":0.5542534589767456,"orthographic":false}