{"cameraMode":{"drawMode":0,"name":"Shaded","section":"Shading Mode"},"sceneLighting":false,"audioPlay":false,"sceneViewState":{"m_AlwaysRefresh":false,"showFog":true,"showSkybox":false,"showFlares":true,"showImageEffects":true,"showParticleSystems":true,"showVisualEffectGraphs":true,"m_FxEnabled":true},"in2DMode":false,"pivot":{"x":0.21265271306037904,"y":-0.40516823530197146,"z":-0.9372769594192505},"rotation":{"x":0.005908059421926737,"y":0.9698420166969299,"z":-0.24258019030094148,"w":0.023674819618463517},"size":0.755186140537262,"orthographic":false}